Workbook

Sheet Q1 2021
A1: INTERNALLY GENERATED REVENUE FOR STATES/FCT (JANUARY-MARCH, 2021)
A2: S/N | B2: State | C2: PAYE | D2: Direct Assessment | E2: Road Tax | F2: Other Taxes | G2: Total Tax | H2: MDAs | I2: Grand Total
A3: 1 | B3: Abia | C3: 2.9634491e+09 | D3: 81640900 | E3: 1.3029847e+08 | F3: 3.9507923e+08 | G3: =SUM(C3:F3) -> 3570467687 | H3: 6.8130663e+08 | I3: =SUM(G3:H3) -> 4251774320
A4: 2 | B4: Adamawa | C4: 2.0384657e+09 | D4: 32832021 | E4: 34303077 | F4: 1.9186566e+08 | G4: =SUM(C4:F4) -> 2297466419 | H4: 8.1318365e+08 | I4: =SUM(G4:H4) -> 3110650071
A5: 3 | B5: Akwa Ibom | C5: 7.7673504e+09 | D5: 29791882 | E5: 398526125 | F5: 8.2700879e+08 | G5: =SUM(C5:F5) -> 9022677152 | H5: 1.2087344e+09 | I5: =SUM(G5:H5) -> 10231411528
A6: 4 | B6: Anambra | C6: 3.5815428e+09 | D6: 2.0651247e+08 | E6: 254670400 | F6: 5.6006746e+08 | G6: =SUM(C6:F6) -> 4602793152 | H6: 1.9304794e+09 | I6: =SUM(G6:H6) -> 6533272527
A7: 5 | B7: Bauchi | C7: 4.3187285e+09 | D7: 26970202 | E7: 24699900 | F7: 1.0554055e+08 | G7: =SUM(C7:F7) -> 4475939171 | H7: 1.0707212e+08 | I7: =SUM(G7:H7) -> 4583011294
A8: 6 | B8: Bayelsa | C8: 2.607651e+09 | D8: 4331785.4 | E8: 9223981.2 | F8: 5.7104715e+08 | G8: =SUM(C8:F8) -> 3192253911 | H8: 47372301 | I8: =SUM(G8:H8) -> 3239626211
A9: 7 | B9: Benue | C9: 2.186436e+09 | D9: 3.5795089e+08 | E9: 55175810 | F9: 10443894 | G9: =SUM(C9:F9) -> 2610006635 | H9: 4.7106146e+08 | I9: =SUM(G9:H9) -> 3081068098
A10: 8 | B10: Borno | C10: 3190262218 | D10: 533082887 | E10: 66811100 | F10: 446703494 | G10: =SUM(C10:F10) -> 4236859699 | H10: 652346052 | I10: =SUM(G10:H10) -> 4889205751
A11: 9 | B11: Cross River | C11: 1.8596245e+09 | D11: 27625710 | E11: 2.6951862e+08 | F11: 5.0911387e+09 | G11: =SUM(C11:F11) -> 7247907578 | H11: 1.1087411e+09 | I11: =SUM(G11:H11) -> 8356648628
A12: 10 | B12: Delta | C12: 1.3377979e+10 | D12: 1.6448399e+08 | E12: 4.4049691e+08 | F12: 1.5838713e+09 | G12: =SUM(C12:F12) -> 15566831629 | H12: 2.1813847e+09 | I12: =SUM(G12:H12) -> 17748216295
A13: 11 | B13: Ebonyi | C13: 3.1749232e+09 | D13: 1.1183501e+08 | E13: 9789537.1 | F13: 1.4911284e+08 | G13: =SUM(C13:F13) -> 3445660544 | H13: 1.4618985e+09 | I13: =SUM(G13:H13) -> 4907559033
A14: 12 | B14: Edo | C14: 3.5990428e+09 | D14: 3.0697937e+08 | E14: 2.8310769e+08 | F14: 2.9385785e+09 | G14: =SUM(C14:F14) -> 7127708335 | H14: 1.2564062e+09 | I14: =SUM(G14:H14) -> 8384114499
... A39: 37 | B39: FCT | C39: 2.7566639e+10 | D39: 1.4325695e+09 | E39: 0 | F39: 3.4065462e+09 | G39: =SUM(C39:F39) -> 32405755118 | H39: 0 | I39: =SUM(G39:H39) -> 32405755118
B40: Total | C40: =SUM(C3:C39) -> 253797166779 | D40: =SUM(D3:D39) -> 13009557234 | E40: =SUM(E3:E39) -> 8116887533 | F40: =SUM(F3:F39) -> 53928950399 | G40: =SUM(G3:G39) -> 328852561945 | H40: =SUM(H3:H39) -> 69406781490 | I40: =SUM(G40:H40) -> 398259343435
A43: 1 | B43: South-West | C43: =SUM(C29:C32,C15,C26) -> 102761891303 | D43: =SUM(D29:D32,D15,D26) -> 7779439375 | E43: =SUM(E29:E32,E15,E26) -> 4154418629 | F43: =SUM(F29:F32,F15,F26) -> 25535129405 | G43: =SUM(G29:G32,G15,G26) -> 140230878712 | H43: =SUM(H29:H32,H15,H26) -> 32693948593 | I43: =SUM(I29:I32,I15,I26) -> 172924827306
A44: 2 | B44: South-South | C44: =SUM(C34,C14,C12,C11,C8,C5) -> 58192335331 | D44: =SUM(D34,D14,D12,D11,D8,D5) -> 7.8912803e+08 | E44: =SUM(E34,E14,E12,E11,E8,E5) -> 1401853255 | F44: =SUM(F34,F14,F12,F11,F8,F5) -> 13234317843 | G44: =SUM(G34,G14,G12,G11,G8,G5) -> 73617634457 | H44: =SUM(H34,H14,H12,H11,H8,H5) -> 7406853497 | I44: =SUM(I34,I14,I12,I11,I8,I5) -> 81024487954
A45: 3 | B45: South-East | C45: =SUM(C18,C16,C13,C3,C6) -> 18321717000 | D45: =SUM(D18,D16,D13,D3,D6) -> 5.2675548e+08 | E45: =SUM(E18,E16,E13,E3,E6) -> 6.5680489e+08 | F45: =SUM(F18,F16,F13,F3,F6) -> 1619883868 | G45: =SUM(G18,G16,G13,G3,G6) -> 21125161235 | H45: =SUM(H18,H16,H13,H3,H6) -> 7242193685 | I45: =SUM(I18,I16,I13,I3,I6) -> 28367354920
A46: 4 | B46: North-Central | C46: =SUM(C39,C33,C28,C27,C25,C24,C9) -> 45089247574 | D46: =SUM(D39,D33,D28,D27,D25,D24,D9) -> 2206398556 | E46: =SUM(E39,E33,E28,E27,E25,E24,E9) -> 6.6792473e+08 | F46: =SUM(F39,F33,F28,F27,F25,F24,F9) -> 6111988860 | G46: =SUM(G39,G33,G28,G27,G25,G24,G9) -> 54075559723 | H46: =SUM(H39,H33,H28,H27,H25,H24,H9) -> 10755114104 | I46: =SUM(I39,I33,I28,I27,I25,I24,I9) -> 64830673827
A47: 5 | B47: North-West | C47: =SUM(C38,C37,C35,C19:C22) -> 17042162209 | D47: =SUM(D38,D37,D35,D19:D22) -> 8.5737132e+08 | E47: =SUM(E38,E37,E35,E19:E22) -> 9.478185e+08 | F47: =SUM(F38,F37,F35,F19:F22) -> 4309210730 | G47: =SUM(G38,G37,G35,G19:G22) -> 23156562763 | H47: =SUM(H38,H37,H35,H19:H22) -> 7391149327 | I47: =SUM(I38,I37,I35,I19:I22) -> 30547712090
A48: 6 | B48: North-East | C48: =SUM(C36,C23,C17,C10,C7,C4) -> 12389813362 | D48: =SUM(D36,D23,D17,D10,D7,D4) -> 8.5046448e+08 | E48: =SUM(E36,E23,E17,E10,E7,E4) -> 2.8806752e+08 | F48: =SUM(F36,F23,F17,F10,F7,F4) -> 3118419693 | G48: =SUM(G36,G23,G17,G10,G7,G4) -> 16646765055 | H48: =SUM(H36,H23,H17,H10,H7,H4) -> 3917522283 | I48: =SUM(I36,I23,I17,I10,I7,I4) -> 20564287338
B49: Zonal-Total | C49: =SUM(C43:C48) -> 253797166779 | D49: =SUM(D43:D48) -> 13009557234 | E49: =SUM(E43:E48) -> 8116887533 | F49: =SUM(F43:F48) -> 53928950399 | G49: =SUM(G43:G48) -> 328852561945 | H49: =SUM(H43:H48) -> 69406781490 | I49: =SUM(I43:I48) -> 398259343435

Sheet Q2 2021
A1: INTERNALLY GENERATED REVENUE FOR STATES/FCT (APRIL-JUNE, 2021)
A2: S/N | B2: State | C2: PAYE | D2: Direct Assessment | E2: Road Tax | F2: Other Taxes | G2: Total Tax | H2: MDAs | I2: Grand Total
A3: 1 | B3: Abia | C3: 2.6959344e+09 | D3: 58937015 | E3: 102928885 | F3: 1.863752e+08 | G3: =SUM(C3:F3) -> 3044175522 | H3: 2.5416196e+08 | I3: =SUM(G3:H3) -> 3298337485
A4: 2 | B4: Adamawa | C4: 1.2367156e+09 | D4: 18107095 | E4: 21947325 | F4: 6.1362288e+08 | G4: =SUM(C4:F4) -> 1890392911 | H4: 1.085533e+09 | I4: =SUM(G4:H4) -> 2975925937
A5: 3 | B5: Akwa Ibom | C5: 5.6112614e+09 | D5: 36917346 | E5: 84644650 | F5: 7.7968962e+08 | G5: =SUM(C5:F5) -> 6512513066 | H5: 1.3506258e+09 | I5: =SUM(G5:H5) -> 7863138874
A6: 4 | B6: Anambra | C6: 3.9988162e+09 | D6: 1.5285595e+08 | E6: 178006475 | F6: 6.8001893e+08 | G6: =SUM(C6:F6) -> 5009697536 | H6: 1.2301853e+09 | I6: =SUM(G6:H6) -> 6239882831
A7: 5 | B7: Bauchi | C7: 4.4359066e+09 | D7: 6109536.8 | E7: 22790675 | F7: 2.9449559e+08 | G7: =SUM(C7:F7) -> 4759302425 | H7: 1.249753e+08 | I7: =SUM(G7:H7) -> 4884277726
A8: 6 | B8: Bayelsa | C8: 2.662797e+09 | D8: 14422967 | E8: 13728584 | F8: 4.5586858e+08 | G8: =SUM(C8:F8) -> 3146817131 | H8: 28849488 | I8: =SUM(G8:H8) -> 3175666619
A9: 7 | B9: Benue | C9: 1.5624704e+09 | D9: 4.0692861e+08 | E9: 47503313 | F9: 11374576 | G9: =SUM(C9:F9) -> 2028276878 | H9: 1.5982328e+09 | I9: =SUM(G9:H9) -> 3626509650
A10: 8 | B10: Borno | C10: 3.7620183e+09 | D10: 3.4419832e+08 | E10: 43478850 | F10: 192453750 | G10: =SUM(C10:F10) -> 4342149208 | H10: 5.7959541e+08 | I10: =SUM(G10:H10) -> 4921744623
A11: 9 | B11: Cross River | C11: 2.3209637e+09 | D11: 34913703 | E11: 1.9268049e+08 | F11: 3.0221566e+09 | G11: =SUM(C11:F11) -> 5570714490 | H11: 8.3082237e+08 | I11: =SUM(G11:H11) -> 6401536862
A12: 10 | B12: Delta | C12: 1.3934971e+10 | D12: 1.5490186e+08 | E12: 5.0697737e+08 | F12: 4.5955183e+09 | G12: =SUM(C12:F12) -> 19192368064 | H12: 4.9935984e+09 | I12: =SUM(G12:H12) -> 24185966456
A13: 11 | B13: Ebonyi | C13: 1.1517828e+09 | D13: 11483916 | E13: 36358200 | F13: 1.3446493e+08 | G13: =SUM(C13:F13) -> 1334089803 | H13: 1.5116834e+09 | I13: =SUM(G13:H13) -> 2845773213
A14: 12 | B14: Edo | C14: 3.5312028e+09 | D14: 2.8840741e+08 | E14: 5.8092338e+08 | F14: 3.3458695e+09 | G14: =SUM(C14:F14) -> 7746403055 | H14: 1.5139251e+09 | I14: =SUM(G14:H14) -> 9260328156
... A39: 37 | B39: FCT | C39: 1.9203025e+10 | D39: 1.435027e+09 | E39: 0 | F39: 1.6029072e+10 | G39: =SUM(C39:F39) -> 36667124546 | H39: 0 | I39: =SUM(G39:H39) -> 36667124546
B40: Total | C40: =SUM(C3:C39) -> 234309525883 | D40: =SUM(D3:D39) -> 15062361083 | E40: =SUM(E3:E39) -> 8635938780 | F40: =SUM(F3:F39) -> 88707356756 | G40: =SUM(G3:G39) -> 346715182502 | H40: =SUM(H3:H39) -> 104148858067 | I40: =SUM(G40:H40) -> 450864040569
A43: 1 | B43: South-West | C43: =SUM(C29:C32,C15,C26) -> 104566668019 | D43: =SUM(D29:D32,D15,D26) -> 9603895319 | E43: =SUM(E29:E32,E15,E26) -> 4916039557 | F43: =SUM(F29:F32,F15,F26) -> 34083111163 | G43: =SUM(G29:G32,G15,G26) -> 153169714058 | H43: =SUM(H29:H32,H15,H26) -> 59319733558 | I43: =SUM(I29:I32,I15,I26) -> 212489447617
A44: 2 | B44: South-South | C44: =SUM(C34,C14,C12,C11,C8,C5) -> 46685028040 | D44: =SUM(D34,D14,D12,D11,D8,D5) -> 6.0930806e+08 | E44: =SUM(E34,E14,E12,E11,E8,E5) -> 1400702543 | F44: =SUM(F34,F14,F12,F11,F8,F5) -> 14853549036 | G44: =SUM(G34,G14,G12,G11,G8,G5) -> 63548587678 | H44: =SUM(H34,H14,H12,H11,H8,H5) -> 11598250869 | I44: =SUM(I34,I14,I12,I11,I8,I5) -> 75146838547
A45: 3 | B45: South-East | C45: =SUM(C18,C16,C13,C3,C6) -> 12672480982 | D45: =SUM(D18,D16,D13,D3,D6) -> 3.1970686e+08 | E45: =SUM(E18,E16,E13,E3,E6) -> 6.1504521e+08 | F45: =SUM(F18,F16,F13,F3,F6) -> 1869883218 | G45: =SUM(G18,G16,G13,G3,G6) -> 15477116274 | H45: =SUM(H18,H16,H13,H3,H6) -> 8363962583 | I45: =SUM(I18,I16,I13,I3,I6) -> 23841078857
A46: 4 | B46: North-Central | C46: =SUM(C39,C33,C28,C27,C25,C24,C9) -> 36158356529 | D46: =SUM(D39,D33,D28,D27,D25,D24,D9) -> 2543557976 | E46: =SUM(E39,E33,E28,E27,E25,E24,E9) -> 5.6466628e+08 | F46: =SUM(F39,F33,F28,F27,F25,F24,F9) -> 19374514820 | G46: =SUM(G39,G33,G28,G27,G25,G24,G9) -> 58641095606 | H46: =SUM(H39,H33,H28,H27,H25,H24,H9) -> 9795313468 | I46: =SUM(I39,I33,I28,I27,I25,I24,I9) -> 68436409073
A47: 5 | B47: North-West | C47: =SUM(C38,C37,C35,C19:C22) -> 21055852021 | D47: =SUM(D38,D37,D35,D19:D22) -> 1410885806 | E47: =SUM(E38,E37,E35,E19:E22) -> 9.7728121e+08 | F47: =SUM(F38,F37,F35,F19:F22) -> 14314165956 | G47: =SUM(G38,G37,G35,G19:G22) -> 37758184988 | H47: =SUM(H38,H37,H35,H19:H22) -> 10841365896 | I47: =SUM(I38,I37,I35,I19:I22) -> 48599550885
A48: 6 | B48: North-East | C48: =SUM(C36,C23,C17,C10,C7,C4) -> 13171140292 | D48: =SUM(D36,D23,D17,D10,D7,D4) -> 5.7500706e+08 | E48: =SUM(E36,E23,E17,E10,E7,E4) -> 162203982 | F48: =SUM(F36,F23,F17,F10,F7,F4) -> 4212132563 | G48: =SUM(G36,G23,G17,G10,G7,G4) -> 18120483898 | H48: =SUM(H36,H23,H17,H10,H7,H4) -> 4230231693 | I48: =SUM(I36,I23,I17,I10,I7,I4) -> 22350715590
B49: Zonal-Total | C49: =SUM(C43:C48) -> 234309525883 | D49: =SUM(D43:D48) -> 15062361083 | E49: =SUM(E43:E48) -> 8635938780 | F49: =SUM(F43:F48) -> 88707356756 | G49: =SUM(G43:G48) -> 346715182502 | H49: =SUM(H43:H48) -> 104148858067 | I49: =SUM(I43:I48) -> 450864040569

Sheet Half Year
A1: INTERNALLY GENERATED REVENUE FOR STATES/FCT (HALF YEAR 2021)
A2: S/N | B2: State | C2: PAYE | D2: Direct Assessment | E2: Road Tax | F2: Other Taxes | G2: Total Tax | H2: MDAs | I2: Grand Total
A3: 1 | B3: Abia | C3: ='Q1 2021'!C3+'Q2 2021'!C3 -> 5659383517 | D3: ='Q1 2021'!D3+'Q2 2021'!D3 -> 1.4057791e+08 | E3: ='Q1 2021'!E3+'Q2 2021'!E3 -> 2.3322735e+08 | F3: ='Q1 2021'!F3+'Q2 2021'!F3 -> 5.8145443e+08 | G3: =SUM(C3:F3) -> 6614643209 | H3: ='Q1 2021'!H3+'Q2 2021'!H3 -> 9.354686e+08 | I3: =SUM(G3:H3) -> 7550111805
A4: 2 | B4: Adamawa | C4: ='Q1 2021'!C4+'Q2 2021'!C4 -> 3275181266 | D4: ='Q1 2021'!D4+'Q2 2021'!D4 -> 50939116 | E4: ='Q1 2021'!E4+'Q2 2021'!E4 -> 56250402 | F4: ='Q1 2021'!F4+'Q2 2021'!F4 -> 8.0548855e+08 | G4: =SUM(C4:F4) -> 4187859330 | H4: ='Q1 2021'!H4+'Q2 2021'!H4 -> 1898716679 | I4: =SUM(G4:H4) -> 6086576009
A5: 3 | B5: Akwa Ibom | C5: ='Q1 2021'!C5+'Q2 2021'!C5 -> 13378611805 | D5: ='Q1 2021'!D5+'Q2 2021'!D5 -> 66709228 | E5: ='Q1 2021'!E5+'Q2 2021'!E5 -> 483170775 | F5: ='Q1 2021'!F5+'Q2 2021'!F5 -> 1606698410 | G5: =SUM(C5:F5) -> 15535190218 | H5: ='Q1 2021'!H5+'Q2 2021'!H5 -> 2559360184 | I5: =SUM(G5:H5) -> 18094550402
A6: 4 | B6: Anambra | C6: ='Q1 2021'!C6+'Q2 2021'!C6 -> 7580359002 | D6: ='Q1 2021'!D6+'Q2 2021'!D6 -> 3.5936842e+08 | E6: ='Q1 2021'!E6+'Q2 2021'!E6 -> 432676875 | F6: ='Q1 2021'!F6+'Q2 2021'!F6 -> 1240086390 | G6: =SUM(C6:F6) -> 9612490687 | H6: ='Q1 2021'!H6+'Q2 2021'!H6 -> 3160664671 | I6: =SUM(G6:H6) -> 12773155358
A7: 5 | B7: Bauchi | C7: ='Q1 2021'!C7+'Q2 2021'!C7 -> 8754635147 | D7: ='Q1 2021'!D7+'Q2 2021'!D7 -> 33079738 | E7: ='Q1 2021'!E7+'Q2 2021'!E7 -> 47490575 | F7: ='Q1 2021'!F7+'Q2 2021'!F7 -> 4.0003614e+08 | G7: =SUM(C7:F7) -> 9235241596 | H7: ='Q1 2021'!H7+'Q2 2021'!H7 -> 2.3204742e+08 | I7: =SUM(G7:H7) -> 9467289020
A8: 6 | B8: Bayelsa | C8: ='Q1 2021'!C8+'Q2 2021'!C8 -> 5270447991 | D8: ='Q1 2021'!D8+'Q2 2021'!D8 -> 18754752 | E8: ='Q1 2021'!E8+'Q2 2021'!E8 -> 22952566 | F8: ='Q1 2021'!F8+'Q2 2021'!F8 -> 1026915733 | G8: =SUM(C8:F8) -> 6339071041 | H8: ='Q1 2021'!H8+'Q2 2021'!H8 -> 76221789 | I8: =SUM(G8:H8) -> 6415292830
A9: 7 | B9: Benue | C9: ='Q1 2021'!C9+'Q2 2021'!C9 -> 3748906424 | D9: ='Q1 2021'!D9+'Q2 2021'!D9 -> 764879496 | E9: ='Q1 2021'!E9+'Q2 2021'!E9 -> 1.0267912e+08 | F9: ='Q1 2021'!F9+'Q2 2021'!F9 -> 21818470 | G9: =SUM(C9:F9) -> 4638283513 | H9: ='Q1 2021'!H9+'Q2 2021'!H9 -> 2069294236 | I9: =SUM(G9:H9) -> 6707577749
A10: 8 | B10: Borno | C10: ='Q1 2021'!C10+'Q2 2021'!C10 -> 6952280510 | D10: ='Q1 2021'!D10+'Q2 2021'!D10 -> 8.772812e+08 | E10: ='Q1 2021'!E10+'Q2 2021'!E10 -> 110289950 | F10: ='Q1 2021'!F10+'Q2 2021'!F10 -> 639157244 | G10: =SUM(C10:F10) -> 8579008907 | H10: ='Q1 2021'!H10+'Q2 2021'!H10 -> 1231941466 | I10: =SUM(G10:H10) -> 9810950374
A11: 9 | B11: Cross River | C11: ='Q1 2021'!C11+'Q2 2021'!C11 -> 4180588236 | D11: ='Q1 2021'!D11+'Q2 2021'!D11 -> 62539413 | E11: ='Q1 2021'!E11+'Q2 2021'!E11 -> 4.6219911e+08 | F11: ='Q1 2021'!F11+'Q2 2021'!F11 -> 8113295306 | G11: =SUM(C11:F11) -> 12818622068 | H11: ='Q1 2021'!H11+'Q2 2021'!H11 -> 1939563423 | I11: =SUM(G11:H11) -> 14758185491
A12: 10 | B12: Delta | C12: ='Q1 2021'!C12+'Q2 2021'!C12 -> 27312950015 | D12: ='Q1 2021'!D12+'Q2 2021'!D12 -> 3.1938585e+08 | E12: ='Q1 2021'!E12+'Q2 2021'!E12 -> 9.4747428e+08 | F12: ='Q1 2021'!F12+'Q2 2021'!F12 -> 6179389547 | G12: =SUM(C12:F12) -> 34759199693 | H12: ='Q1 2021'!H12+'Q2 2021'!H12 -> 7174983057 | I12: =SUM(G12:H12) -> 41934182751
A13: 11 | B13: Ebonyi | C13: ='Q1 2021'!C13+'Q2 2021'!C13 -> 4326705917 | D13: ='Q1 2021'!D13+'Q2 2021'!D13 -> 123318921 | E13: ='Q1 2021'!E13+'Q2 2021'!E13 -> 46147737 | F13: ='Q1 2021'!F13+'Q2 2021'!F13 -> 2.8357777e+08 | G13: =SUM(C13:F13) -> 4779750347 | H13: ='Q1 2021'!H13+'Q2 2021'!H13 -> 2973581899 | I13: =SUM(G13:H13) -> 7753332246
A14: 12 | B14: Edo | C14: ='Q1 2021'!C14+'Q2 2021'!C14 -> 7130245554 | D14: ='Q1 2021'!D14+'Q2 2021'!D14 -> 595386775 | E14: ='Q1 2021'!E14+'Q2 2021'!E14 -> 8.6403107e+08 | F14: ='Q1 2021'!F14+'Q2 2021'!F14 -> 6284447992 | G14: =SUM(C14:F14) -> 14874111391 | H14: ='Q1 2021'!H14+'Q2 2021'!H14 -> 2770331264 | I14: =SUM(G14:H14) -> 17644442655
... A39: 37 | B39: FCT | C39: ='Q1 2021'!C39+'Q2 2021'!C39 -> 46769664549 | D39: ='Q1 2021'!D39+'Q2 2021'!D39 -> 2867596499 | E39: ='Q1 2021'!E39+'Q2 2021'!E39 -> 0 | F39: ='Q1 2021'!F39+'Q2 2021'!F39 -> 19435618617 | G39: =SUM(C39:F39) -> 69072879664 | H39: ='Q1 2021'!H39+'Q2 2021'!H39 -> 0 | I39: =SUM(G39:H39) -> 69072879664
B40: Total | C40: =SUM(C3:C39) -> 488106692662 | D40: =SUM(D3:D39) -> 28071918317 | E40: =SUM(E3:E39) -> 16752826313 | F40: =SUM(F3:F39) -> 142636307155 | G40: =SUM(G3:G39) -> 675567744447 | H40: =SUM(H3:H39) -> 173555639557 | I40: =SUM(I3:I39) -> 849123384004
A43: 1 | B43: South-West | C43: =SUM(C29:C32,C15,C26) -> 207328559322 | D43: =SUM(D29:D32,D15,D26) -> 17383334694 | E43: =SUM(E29:E32,E15,E26) -> 9070458186 | F43: =SUM(F29:F32,F15,F26) -> 59618240568 | G43: =SUM(G29:G32,G15,G26) -> 293400592771 | H43: =SUM(H29:H32,H15,H26) -> 92013682152 | I43: =SUM(I29:I32,I15,I26) -> 385414274922
A44: 2 | B44: South-South | C44: =SUM(C34,C14,C12,C11,C8,C5) -> 104877363372 | D44: =SUM(D34,D14,D12,D11,D8,D5) -> 1398436086 | E44: =SUM(E34,E14,E12,E11,E8,E5) -> 2802555798 | F44: =SUM(F34,F14,F12,F11,F8,F5) -> 28087866879 | G44: =SUM(G34,G14,G12,G11,G8,G5) -> 137166222135 | H44: =SUM(H34,H14,H12,H11,H8,H5) -> 19005104366 | I44: =SUM(I34,I14,I12,I11,I8,I5) -> 156171326501
A45: 3 | B45: South-East | C45: =SUM(C18,C16,C13,C3,C6) -> 30994197982 | D45: =SUM(D18,D16,D13,D3,D6) -> 846462341 | E45: =SUM(E18,E16,E13,E3,E6) -> 1271850100 | F45: =SUM(F18,F16,F13,F3,F6) -> 3489767086 | G45: =SUM(G18,G16,G13,G3,G6) -> 36602277509 | H45: =SUM(H18,H16,H13,H3,H6) -> 15606156268 | I45: =SUM(I18,I16,I13,I3,I6) -> 52208433777
A46: 4 | B46: North-Central | C46: =SUM(C39,C33,C28,C27,C25,C24,C9) -> 81247604103 | D46: =SUM(D39,D33,D28,D27,D25,D24,D9) -> 4749956532 | E46: =SUM(E39,E33,E28,E27,E25,E24,E9) -> 1232591013 | F46: =SUM(F39,F33,F28,F27,F25,F24,F9) -> 25486503681 | G46: =SUM(G39,G33,G28,G27,G25,G24,G9) -> 112716655328 | H46: =SUM(H39,H33,H28,H27,H25,H24,H9) -> 20550427572 | I46: =SUM(I39,I33,I28,I27,I25,I24,I9) -> 133267082900
A47: 5 | B47: North-West | C47: =SUM(C38,C37,C35,C19:C22) -> 38098014230 | D47: =SUM(D38,D37,D35,D19:D22) -> 2268257127 | E47: =SUM(E38,E37,E35,E19:E22) -> 1925099709 | F47: =SUM(F38,F37,F35,F19:F22) -> 18623376685 | G47: =SUM(G38,G37,G35,G19:G22) -> 60914747751 | H47: =SUM(H38,H37,H35,H19:H22) -> 18232515224 | I47: =SUM(I38,I37,I35,I19:I22) -> 79147262975
A48: 6 | B48: North-East | C48: =SUM(C36,C23,C17,C10,C7,C4) -> 25560953654 | D48: =SUM(D36,D23,D17,D10,D7,D4) -> 1425471536 | E48: =SUM(E36,E23,E17,E10,E7,E4) -> 4.5027151e+08 | F48: =SUM(F36,F23,F17,F10,F7,F4) -> 7330552255 | G48: =SUM(G36,G23,G17,G10,G7,G4) -> 34767248952 | H48: =SUM(H36,H23,H17,H10,H7,H4) -> 8147753976 | I48: =SUM(I36,I23,I17,I10,I7,I4) -> 42915002928
B49: Zonal-Total | C49: =SUM(C43:C48) -> 488106692662 | D49: =SUM(D43:D48) -> 28071918317 | E49: =SUM(E43:E48) -> 16752826313 | F49: =SUM(F43:F48) -> 142636307155 | G49: =SUM(G43:G48) -> 675567744447 | H49: =SUM(H43:H48) -> 173555639557 | I49: =SUM(I43:I48) -> 849123384004
